ali,ali@gmail.com
zeshan,zeshan@gmail.com
ahmed,ahmed@gmail.com
zohaib,zohaib@gmail.com
tahir,tahir@gmail.com
hamid,hamid@gmail.com
jamal,jamal@gmail.com
kamal,kamal@gmail.com
farukh,farukh@gmail.com
muhsin,muhsin@gmail.com
muneeb,muneeb@gmail.com
qasim,qasim@gmail.com
mubeen,mubeen@gmail.com